Datetime,Water Level (m)
2025-03-07 06:00:00,4.7753605e-05
2025-03-07 07:00:00,6.2006715e-05
2025-03-07 08:00:00,6.867374e-05
2025-03-07 09:00:00,4.1586332e-05
2025-03-07 10:00:00,-6.192411e-05
2025-03-07 11:00:00,-0.00011154294
2025-03-07 12:00:00,-7.4877324e-05
2025-03-07 13:00:00,2.7044984e-05
2025-03-07 14:00:00,5.8907983e-05
2025-03-07 15:00:00,5.730484e-05
2025-03-07 16:00:00,5.6153774e-05
2025-03-07 17:00:00,5.2435735e-05
2025-03-07 18:00:00,4.9894825e-05
2025-03-07 19:00:00,4.700501e-05
2025-03-07 20:00:00,5.0411356e-05
2025-03-07 21:00:00,5.3982483e-05
2025-03-07 22:00:00,5.5134038e-05
2025-03-07 23:00:00,5.8228878e-05
2025-03-08 00:00:00,5.8577476e-05
2025-03-08 01:00:00,5.7549318e-05
2025-03-08 02:00:00,5.496832e-05
2025-03-08 03:00:00,5.322581e-05
2025-03-08 04:00:00,5.1609182e-05
2025-03-08 05:00:00,5.3159853e-05
2025-03-08 06:00:00,6.007996e-05
2025-03-08 07:00:00,6.244463e-05
2025-03-08 08:00:00,6.907957e-05
2025-03-08 09:00:00,7.3223266e-05
2025-03-08 10:00:00,6.790132e-05
2025-03-08 11:00:00,2.0941954e-05
2025-03-08 12:00:00,-4.9913364e-05
2025-03-08 13:00:00,-6.945687e-05
2025-03-08 14:00:00,-3.057517e-05
2025-03-08 15:00:00,4.51193e-05
2025-03-08 16:00:00,6.0549843e-05
2025-03-08 17:00:00,5.3746524e-05
2025-03-08 18:00:00,4.709012e-05
2025-03-08 19:00:00,4.120035e-05
2025-03-08 20:00:00,3.581685e-05
2025-03-08 21:00:00,3.977685e-05
2025-03-08 22:00:00,3.590264e-05
2025-03-08 23:00:00,4.0992098e-05
2025-03-09 00:00:00,4.4098902e-05
2025-03-09 01:00:00,4.6850673e-05
2025-03-09 02:00:00,4.5601166e-05
2025-03-09 03:00:00,4.658614e-05
2025-03-09 04:00:00,5.1094554e-05
2025-03-09 05:00:00,4.9979644e-05
2025-03-09 06:00:00,4.681524e-05
2025-03-09 07:00:00,4.3682012e-05
2025-03-09 08:00:00,4.129767e-05
2025-03-09 09:00:00,3.9598992e-05
2025-03-09 10:00:00,4.2648e-05
2025-03-09 11:00:00,4.756611e-05
2025-03-09 12:00:00,3.315374e-05
2025-03-09 13:00:00,-5.6572117e-05
2025-03-09 14:00:00,-0.00011322504
2025-03-09 15:00:00,-0.00010396105
2025-03-09 16:00:00,-4.7441267e-06
2025-03-09 17:00:00,4.5770572e-05
2025-03-09 18:00:00,4.1303625e-05
2025-03-09 19:00:00,3.4627443e-05
2025-03-09 20:00:00,3.1497977e-05
2025-03-09 21:00:00,2.5476986e-05
2025-03-09 22:00:00,2.3193212e-05
2025-03-09 23:00:00,2.3357683e-05
2025-03-10 00:00:00,3.5560883e-05
2025-03-10 01:00:00,4.3134663e-05
2025-03-10 02:00:00,4.5088043e-05
2025-03-10 03:00:00,4.6288726e-05
2025-03-10 04:00:00,6.901286e-05
2025-03-10 05:00:00,6.5463566e-05
2025-03-10 06:00:00,5.960709e-05
2025-03-10 07:00:00,5.3446893e-05
2025-03-10 08:00:00,4.6874673e-05
2025-03-10 09:00:00,3.6930378e-05
2025-03-10 10:00:00,2.9571234e-05
2025-03-10 11:00:00,3.3965272e-05
2025-03-10 12:00:00,4.4283366e-05
2025-03-10 13:00:00,-1.0529147e-05
2025-03-10 14:00:00,-0.0001295075
2025-03-10 15:00:00,-0.00019134597
2025-03-10 16:00:00,-0.0001525345
2025-03-10 17:00:00,-2.0713154e-05
2025-03-10 18:00:00,6.162664e-05
2025-03-10 19:00:00,5.8875055e-05
2025-03-10 20:00:00,5.3297972e-05
2025-03-10 21:00:00,4.512547e-05
2025-03-10 22:00:00,3.7820217e-05
2025-03-10 23:00:00,3.2543285e-05
2025-03-11 00:00:00,3.451124e-05
2025-03-11 01:00:00,4.918468e-05
2025-03-11 02:00:00,2.3853156e-05
2025-03-11 03:00:00,-5.1475425e-05
2025-03-11 04:00:00,-5.44466e-05
2025-03-11 05:00:00,3.4561315e-05
2025-03-11 06:00:00,5.607496e-05
2025-03-11 07:00:00,4.7511036e-05
2025-03-11 08:00:00,3.865768e-05
2025-03-11 09:00:00,2.5213158e-05
2025-03-11 10:00:00,1.7660233e-05
2025-03-11 11:00:00,5.3054277e-06
2025-03-11 12:00:00,1.4588907e-05
2025-03-11 13:00:00,4.1775656e-05
2025-03-11 14:00:00,-8.930194e-05
2025-03-11 15:00:00,-0.00021967276
2025-03-11 16:00:00,-0.000258234
2025-03-11 17:00:00,-0.00017724831
2025-03-11 18:00:00,-1.7392782e-05
2025-03-11 19:00:00,5.774409e-05
2025-03-11 20:00:00,5.837064e-05
2025-03-11 21:00:00,5.1436167e-05
2025-03-11 22:00:00,4.663389e-05
2025-03-11 23:00:00,3.935089e-05
2025-03-12 00:00:00,3.5660076e-05
2025-03-12 01:00:00,4.8034308e-05
2025-03-12 02:00:00,2.0952217e-05
2025-03-12 03:00:00,-9.8671546e-05
2025-03-12 04:00:00,-0.00015548624
2025-03-12 05:00:00,-0.00011025604
2025-03-12 06:00:00,2.332397e-05
2025-03-12 07:00:00,2.9908757e-05
2025-03-12 08:00:00,1.2745899e-05
2025-03-12 09:00:00,-6.988632e-07
2025-03-12 10:00:00,-5.104581e-06
2025-03-12 11:00:00,-9.540187e-07
2025-03-12 12:00:00,9.557149e-06
2025-03-12 13:00:00,3.630005e-05
2025-03-12 14:00:00,-3.7355894e-05
2025-03-12 15:00:00,-0.00022018132
2025-03-12 16:00:00,-0.0003250446
2025-03-12 17:00:00,-0.0002827302
2025-03-12 18:00:00,-0.0001222469
2025-03-12 19:00:00,1.5985783e-05
2025-03-12 20:00:00,6.282762e-05
2025-03-12 21:00:00,5.934863e-05
2025-03-12 22:00:00,5.384934e-05
2025-03-12 23:00:00,4.7669382e-05
2025-03-13 00:00:00,4.1936753e-05
2025-03-13 01:00:00,4.0056584e-05
2025-03-13 02:00:00,3.6728346e-05
2025-03-13 03:00:00,-0.000112270165
2025-03-13 04:00:00,-0.0002248312
2025-03-13 05:00:00,-0.00022108431
2025-03-13 06:00:00,-9.771434e-05
